{
  "run_name": "cnn_v1",
  "model": "ParkinsonCNN",
  "window_level": {
    "accuracy": 0.8229759841544937,
    "precision": 0.7674851190476191,
    "recall": 0.9581978634463539,
    "specificity": 0.6686108165429481,
    "f1": 0.8523032431315843,
    "roc_auc": 0.9538989468935057,
    "n": 4039,
    "tp": 2063,
    "tn": 1261,
    "fp": 625,
    "fn": 90
  },
  "recording_level": {
    "accuracy": 0.7297297297297297,
    "precision": 0.6518324607329843,
    "recall": 0.97265625,
    "specificity": 0.49236641221374045,
    "f1": 0.780564263322884,
    "roc_auc": 0.9232764790076335,
    "n": 518,
    "tp": 249,
    "tn": 129,
    "fp": 133,
    "fn": 7
  },
  "per_dataset": {
    "ipvs": {
      "accuracy": 0.9883720930232558,
      "precision": 0.9830508474576272,
      "recall": 1.0,
      "specificity": 0.9642857142857143,
      "f1": 0.9914529914529915,
      "roc_auc": 1.0,
      "n": 86,
      "tp": 58,
      "tn": 27,
      "fp": 1,
      "fn": 0
    },
    "neurovoz": {
      "accuracy": 0.6782407407407407,
      "precision": 0.5913312693498453,
      "recall": 0.9646464646464646,
      "specificity": 0.4358974358974359,
      "f1": 0.7332053742802304,
      "roc_auc": 0.8923853923853925,
      "n": 432,
      "tp": 191,
      "tn": 102,
      "fp": 132,
      "fn": 7
    }
  },
  "display_name": "CNN"
}