{
  "run_name": "cnn_lstm_v1",
  "model": "ParkinsonCNNLSTM",
  "window_level": {
    "accuracy": 0.8541718247090864,
    "precision": 0.8394097222222222,
    "recall": 0.8982814677194613,
    "specificity": 0.8038176033934252,
    "f1": 0.8678483284720664,
    "roc_auc": 0.9400607010169539,
    "n": 4039,
    "tp": 1934,
    "tn": 1516,
    "fp": 370,
    "fn": 219
  },
  "recording_level": {
    "accuracy": 0.7683397683397684,
    "precision": 0.7207792207792207,
    "recall": 0.8671875,
    "specificity": 0.6717557251908397,
    "f1": 0.7872340425531915,
    "roc_auc": 0.8611492127862597,
    "n": 518,
    "tp": 222,
    "tn": 176,
    "fp": 86,
    "fn": 34
  },
  "per_dataset": {
    "ipvs": {
      "accuracy": 0.9767441860465116,
      "precision": 0.9666666666666667,
      "recall": 1.0,
      "specificity": 0.9285714285714286,
      "f1": 0.9830508474576272,
      "roc_auc": 0.9981527093596059,
      "n": 86,
      "tp": 58,
      "tn": 26,
      "fp": 2,
      "fn": 0
    },
    "neurovoz": {
      "accuracy": 0.7268518518518519,
      "precision": 0.6612903225806451,
      "recall": 0.8282828282828283,
      "specificity": 0.6410256410256411,
      "f1": 0.7354260089686099,
      "roc_auc": 0.8240093240093239,
      "n": 432,
      "tp": 164,
      "tn": 150,
      "fp": 84,
      "fn": 34
    }
  },
  "display_name": "CNN-LSTM"
}