run_name,model,rec_accuracy,rec_precision,rec_recall,rec_specificity,rec_f1,rec_roc_auc,rec_n,rec_tp,rec_tn,rec_fp,rec_fn
cnn_v1,ParkinsonCNN,0.7297297297297297,0.6518324607329843,0.97265625,0.49236641221374045,0.780564263322884,0.9232764790076335,518,249,129,133,7
cnn_lstm_v1,ParkinsonCNNLSTM,0.7683397683397684,0.7207792207792207,0.8671875,0.6717557251908397,0.7872340425531915,0.8611492127862597,518,222,176,86,34
